s,mass_density_kg_m3,iota,alfven_speed_m_s,omega_m3_rad_s,omega_m4_rad_s,coupling_omega2_s2,local_lower_rad_s,local_upper_rad_s
1.953125000000000000e-03,3.299989929199218396e-08,3.505859375000000000e-01,1.227661875997474417e+07,3.880402609353996348e+06,2.445732643588718493e+06,5.860956173500677943e+07,2.445732643511342350e+06,3.880402609402764589e+06
5.859375000000000000e-03,3.299909362792968054e-08,3.517578124999999889e-01,1.227676862424504198e+07,3.866063140330291353e+06,2.426580048385934439e+06,6.522501955267315358e+07,2.426580048289158847e+06,3.866063140391033143e+06
9.765625000000000000e-03,3.299748229980468693e-08,3.529296874999999778e-01,1.227706836925130896e+07,3.851770343191541266e+06,2.407456375532874372e+06,7.253766578951324522e+07,2.407456375411993358e+06,3.851770343267094810e+06
1.367187500000000000e-02,3.299506530761718328e-08,3.541015624999999667e-01,1.227751802792990953e+07,3.837523701308040414e+06,2.388360928870740812e+06,8.061503944372527301e+07,2.388360928719946649e+06,3.837523701401890256e+06
1.757812500000000000e-02,3.299184265136718945e-08,3.552734374999999556e-01,1.227811764969795570e+07,3.823322703027690761e+06,2.369293015215152875e+06,8.953054205689837039e+07,2.369293015027287882e+06,3.823322703144109808e+06
2.148437500000000000e-02,3.298781433105468558e-08,3.564453125000000000e-01,1.227886730046839640e+07,3.809166841584108304e+06,2.350251944230278954e+06,9.936387205284292996e+07,2.350251943996533751e+06,3.809166841728328727e+06
2.539062500000000000e-02,3.298298034667968491e-08,3.576171874999999889e-01,1.227976706267015636e+07,3.795055615006200504e+06,2.331237028303787578e+06,1.102014833724827170e+08,2.331237028013336472e+06,3.795055615184619557e+06
2.929687500000000000e-02,3.297734069824218743e-08,3.587890624999999778e-01,1.228081703527331166e+07,3.780988526029134169e+06,2.312247582422553562e+06,1.221370689303963631e+08,2.312247582062109374e+06,3.780988526249561924e+06
3.320312500000000000e-02,3.297089538574218654e-08,3.599609374999999667e-01,1.228201733381936513e+07,3.766965082006707788e+06,2.293282924049085006e+06,1.352720693291914761e+08,2.293282923602365889e+06,3.766965082278664690e+06
3.710937500000000000e-02,3.296364440917968883e-08,3.611328124999999556e-01,1.228336809045657516e+07,3.752984794825046789e+06,2.274342372998600826e+06,1.497162071638524234e+08,2.274342372445678804e+06,3.752984795160122681e+06
4.101562500000000000e-02,3.295558776855468771e-08,3.623046875000000000e-01,1.228486945398042910e+07,3.739047180817611050e+06,2.255425251316719223e+06,1.655880471284641027e+08,2.255425250633239746e+06,3.739047181229891721e+06
4.492187500000000000e-02,3.294672546386718317e-08,3.634765624999999889e-01,1.228652158987923339e+07,3.725151760681484360e+06,2.236530883157704491e+06,1.830155820011124611e+08,2.236530882313946262e+06,3.725151761188065633e+06
4.882812500000000000e-02,3.293705749511718844e-08,3.646484374999999778e-01,1.228832468038485758e+07,3.711298059394880664e+06,2.217658594663205091e+06,2.021368444281609058e+08,2.217658593622944318e+06,3.711298060016480740e+06
5.273437500000000000e-02,3.292658386230468367e-08,3.658203124999999667e-01,1.229027892452869751e+07,3.697485606135880109e+06,2.198807713841462974e+06,2.231005442554171681e+08,2.198807712560617831e+06,3.697485606897568796e+06
5.664062500000000000e-02,3.291530456542968872e-08,3.669921874999999556e-01,1.229238453820283152e+07,3.683713934202320408e+06,2.179977570446908940e+06,2.460667309597577751e+08,2.179977568871907424e+06,3.683713935134387575e+06
6.054687500000000000e-02,3.290321960449218373e-08,3.681640625000000000e-01,1.229464175422647409e+07,3.669982580932837445e+06,2.161167495860122144e+06,2.712074805194582939e+08,2.161167493925951887e+06,3.669982582071825396e+06
6.445312500000000000e-02,3.289032897949218193e-08,3.693359374999999889e-01,1.229705082241769880e+07,3.656291087629012764e+06,2.142376822968083434e+06,2.987076058238068819e+08,2.142376820595960133e+06,3.656291089018940926e+06
6.835937500000000000e-02,3.287663269042968333e-08,3.705078124999999778e-01,1.229961200967053697e+07,3.642638999478599057e+06,2.123604886044678744e+06,3.287653894613597393e+08,2.123604883139265236e+06,3.642639001172412187e+06
7.226562500000000000e-02,3.286213073730468131e-08,3.716796874999999667e-01,1.230232560003745183e+07,3.629025865479798056e+06,2.104851020631408319e+06,3.615933374406349063e+08,2.104851017077499069e+06,3.629025867541080806e+06
7.617187500000000000e-02,3.284682312011718910e-08,3.728515624999999556e-01,1.230519189481725916e+07,3.615451238366555888e+06,2.086114563418239355e+06,3.974189520861088037e+08,2.086114559076820035e+06,3.615451240871553775e+06
8.007812500000000000e-02,3.283070983886718686e-08,3.740234375000000000e-01,1.230821121264856495e+07,3.601914674534850288e+06,2.067394852124563651e+06,4.364855220153129101e+08,2.067394846828129375e+06,3.601914677574850619e+06
8.398437500000000000e-02,3.281379089355468119e-08,3.751953124999999889e-01,1.231138388960871473e+07,3.588415733969936147e+06,2.048691225380200194e+06,4.790529267389311194e+08,2.048691218927207170e+06,3.588415737654066179e+06
8.789062500000000000e-02,3.279606628417968534e-08,3.763671874999999778e-01,1.231471027931839973e+07,3.574953980174528435e+06,2.030003022606392857e+06,5.253984530344842672e+08,2.030003014754689066e+06,3.574953984633042477e+06
9.179687500000000000e-02,3.277753601074218607e-08,3.775390624999999667e-01,1.231819075305193476e+07,3.561528980097893625e+06,2.011329583896761760e+06,5.758176198249872923e+08,2.011329574355823686e+06,3.561528985486020800e+06
9.570312500000000000e-02,3.275820007324218999e-08,3.787109374999999556e-01,1.232182569985325076e+07,3.548140304065816104e+06,1.992670249898143811e+06,6.306250078466426134e+08,1.992670238319918746e+06,3.548140310568260495e+06
9.960937500000000000e-02,3.273805847167968388e-08,3.798828125000000000e-01,1.232561552665775642e+07,3.534787525711420458e+06,1.974024361691281199e+06,6.901550899141489267e+08,1.974024347659398802e+06,3.534787533547613304e+06
1.035156250000000000e-01,3.271711120605468096e-08,3.810546874999999889e-01,1.232956065842004865e+07,3.521470221906820312e+06,1.955391260671304772e+06,7.547630570884915590e+08,1.955391243688391522e+06,3.521470231337040663e+06
1.074218750000000000e-01,3.269535827636718786e-08,3.822265624999999778e-01,1.233366153824761510e+07,3.508187972695562523e+06,1.936770288427946158e+06,8.248256355207767487e+08,1.936770267900732579e+06,3.508187984028050210e+06
1.113281250000000000e-01,3.267279968261718472e-08,3.833984374999999667e-01,1.233791862754062191e+07,3.494940361225862522e+06,1.918160786625456531e+06,9.007418881871088743e+08,1.918160761847323040e+06,3.494940374825077131e+06
1.152343750000000000e-01,3.264943542480468477e-08,3.845703124999999556e-01,1.234233240613777377e+07,3.481726973684569355e+06,1.899562096882142359e+06,9.829339951446837187e+08,1.899562067012696993e+06,3.481726989980753511e+06
1.191406250000000000e-01,3.262526550292968802e-08,3.857421875000000000e-01,1.234690337246849202e+07,3.468547399231871590e+06,1.880973560649496969e+06,1.071848005329510450e+09,1.880973524690721883e+06,3.468547418732110877e+06
1.230468750000000000e-01,3.260028991699218123e-08,3.869140624999999889e-01,1.235163204371135868e+07,3.455401229936700314e+06,1.862394519090853631e+06,1.167954552282541037e+09,1.862394475859289989e+06,3.455401253237677738e+06
1.269531250000000000e-01,3.257450866699218426e-08,3.880859374999999778e-01,1.235651895595903136e+07,3.442288060712806415e+06,1.843824312959511997e+06,1.271749525535936356e+09,1.843824261053884169e+06,3.442288088515493087e+06
1.308593750000000000e-01,3.254792175292968386e-08,3.892578124999999667e-01,1.236156466438967921e+07,3.429207489255496301e+06,1.825262282476289198e+06,1.383754688716419458e+09,1.825262220239883056e+06,3.429207522382031195e+06
1.347656250000000000e-01,3.252052917480468667e-08,3.904296874999999556e-01,1.236676974344505556e+07,3.416159115978996269e+06,1.806707767206426943e+06,1.504518234731013298e+09,1.806707692683451343e+06,3.416159155392041896e+06
1.386718750000000000e-01,3.249233093261718605e-08,3.916015625000000000e-01,1.237213478701535240e+07,3.403142543954418506e+06,1.788160105935812695e+06,1.634615267694997311e+09,1.788160016820867080e+06,3.403142590779311489e+06
1.425781250000000000e-01,3.246332702636718201e-08,3.927734374999999889e-01,1.237766040863090940e+07,3.390157378848323133e+06,1.769618636546450434e+06,1.774648200545979261e+09,1.769618530126122292e+06,3.390157434398366138e+06
1.464843750000000000e-01,3.243351745605468778e-08,3.939453124999999778e-01,1.238334724166093022e+07,3.377203228861826006e+06,1.751082695891116280e+06,1.925247056565383196e+09,1.751082568976596231e+06,3.377203294667107519e+06
1.503906250000000000e-01,3.240290222167968352e-08,3.951171874999999667e-01,1.238919593951933831e+07,3.364279704670257866e+06,1.732551619667157996e+06,2.087069662304177761e+09,1.732551468516635476e+06,3.364279782510417048e+06
1.542968750000000000e-01,3.237148132324218906e-08,3.962890624999999556e-01,1.239520717587787099e+07,3.351386419363333844e+06,1.714024742289362475e+06,2.260801718687500477e+09,1.714024562518818304e+06,3.351386511304728221e+06
1.582031250000000000e-01,3.233925476074218458e-08,3.974609375000000000e-01,1.240138164488661289e+07,3.338522988385816570e+06,1.695501396761841606e+06,2.447156736358923912e+09,1.695501183242693311e+06,3.338523096823585685e+06
1.621093750000000000e-01,3.230622253417968328e-08,3.986328124999999889e-01,1.240772006140202843e+07,3.325689029478656128e+06,1.676980914548868081e+06,2.646875820625009537e+09,1.676980661290747812e+06,3.325689157184220385e+06
1.660156250000000000e-01,3.227238464355468519e-08,3.998046874999999778e-01,1.241422316122273728e+07,3.312884162620573305e+06,1.658462625444600359e+06,2.860727290680567265e+09,1.658462325461364118e+06,3.312884312795135658e+06
1.699218750000000000e-01,3.223774108886718367e-08,4.009765624999999667e-01,1.242089170133310929e+07,3.300108009970079642e+06,1.639945857441637665e+06,3.089506117142102718e+09,1.639945502598504769e+06,3.300108186304746661e+06
1.738281250000000000e-01,3.220229187011718535e-08,4.021484374999999556e-01,1.242772646015488729e+07,3.287360195807897951e+06,1.621429936598333530e+06,3.334033161298135281e+09,1.621429517437833361e+06,3.287360402551069390e+06
1.777343750000000000e-01,3.216603698730468361e-08,4.033203125000000000e-01,1.243472823780699447e+07,3.274640346479771659e+06,1.602914186904807808e+06,3.595154198908074856e+09,1.602913692448995076e+06,3.274640588512483984e+06
1.816406250000000000e-01,3.212897644042968506e-08,4.044921874999999889e-01,1.244189785637368821e+07,3.261948090339638758e+06,1.584397930147587089e+06,3.873738710855037689e+09,1.584397347673736978e+06,3.261948373259577435e+06
1.855468750000000000e-01,3.209111022949218310e-08,4.056640624999999778e-01,1.244923616018126905e+07,3.249283057693145704e+06,1.565880485772800632e+06,4.170678422490494251e+09,1.565879800559547730e+06,3.249283387908074073e+06
1.894531250000000000e-01,3.205243835449218433e-08,4.068359374999999667e-01,1.245674401608349569e+07,3.236644880741486792e+06,1.547361170747872442e+06,4.486885573108955383e+09,1.547360365788497729e+06,3.236645265572856646e+06
1.933593750000000000e-01,3.201296081542968875e-08,4.080078124999999556e-01,1.246442231375594437e+07,3.224033193525545299e+06,1.528839299421628239e+06,4.823290896669497490e+09,1.528838355100921821e+06,3.224033641323062591e+06
1.972656250000000000e-01,3.197267761230468976e-08,4.091796875000000000e-01,1.247227196599946357e+07,3.211447631870304700e+06,1.510314183382747462e+06,5.180841294646142960e+09,1.510313077113602776e+06,3.211448152138241567e+06
2.011718750000000000e-01,3.193158874511718073e-08,4.103515624999999889e-01,1.248029390905299783e+07,3.198887833329535089e+06,1.491785131316491403e+06,5.560497181752553940e+09,1.491783837132109562e+06,3.198888436865544878e+06
2.050781250000000000e-01,3.188969421386718813e-08,4.115234374999999778e-01,1.248848910291590914e+07,3.186353437130694278e+06,1.473251448859611526e+06,5.963229485257548332e+09,1.473249936956912512e+06,3.186354136177896522e+06
2.089843750000000000e-01,3.184699401855468549e-08,4.126953124999999667e-01,1.249685853168014809e+07,3.173844084120068699e+06,1.454712438453392824e+06,6.390016278697633743e+09,1.454710674682959914e+06,3.173844892533096019e+06
2.128906250000000000e-01,3.180348815917968604e-08,4.138671874999999556e-01,1.250540320387235843e+07,3.161359416708097328e+06,1.436167399194716942e+06,6.841839031011322021e+09,1.436165344492349774e+06,3.161360350133759901e+06
2.167968750000000000e-01,3.175917663574218980e-08,4.150390625000000000e-01,1.251412415280626900e+07,3.148899078814858571e+06,1.417615626685085008e+06,7.319678452479222298e+09,1.417613236439777073e+06,3.148900154887980781e+06
2.207031250000000000e-01,3.171405944824218351e-08,4.162109374999999889e-01,1.252302243694560789e+07,3.136462715815739706e+06,1.399056412877517287e+06,7.824509919362726212e+09,1.399053636230483884e+06,3.136463954370624386e+06
2.246093750000000000e-01,3.166813659667968704e-08,4.173828124999999778e-01,1.253209914027772099e+07,3.124049974487200845e+06,1.380489045921218116e+06,8.357298459804395676e+09,1.380485824990398251e+06,3.124051397785019595e+06
2.285156250000000000e-01,3.162140808105468715e-08,4.185546875000000222e-01,1.254135537269828096e+07,3.111660502952678129e+06,1.361912810003953520e+06,8.918993284395742416e+09,1.361909079028293258e+06,3.111662135924927890e+06
2.324218750000000000e-01,3.157387390136718384e-08,4.197265624999999556e-01,1.255079227040726691e+07,3.099293950628566090e+06,1.343326985192028573e+06,9.510521845839944839e+09,1.343322669589766301e+06,3.099295821136496961e+06
2.363281250000000000e-01,3.152553405761718372e-08,4.208984375000000000e-01,1.256041099631655402e+07,3.086949968170247041e+06,1.324730847267761594e+06,1.013278341335198212e+10,1.324725862602938898e+06,3.086952107279921882e+06
2.402343750000000000e-01,3.147638854980468680e-08,4.220703124999999889e-01,1.257021274046941102e+07,3.074628207418201957e+06,1.306123667564400006e+06,1.078664214885227013e+10,1.306117918415897293e+06,3.074630649690539576e+06
2.441406250000000000e-01,3.142643737792968646e-08,4.232421874999999778e-01,1.258019872047219425e+07,3.062328321344111115e+06,1.287504712798326509e+06,1.147291967363086510e+10,1.287498091525910422e+06,3.062331105138907209e+06
2.480468750000000000e-01,3.137568054199218270e-08,4.244140625000000222e-01,1.259037018193857372e+07,3.050049963996967766e+06,1.268873244898496429e+06,1.219238711599797440e+10,1.268865630300665274e+06,3.050053131789484061e+06
2.519531250000000000e-01,3.132411804199218875e-08,4.255859374999999556e-01,1.260072839894663543e+07,3.037792790449179243e+06,1.250228520832987037e+06,1.294575663249444389e+10,1.250219776691851206e+06,3.037796389157414902e+06
2.558593750000000000e-01,3.127174987792968477e-08,4.267578125000000000e-01,1.261127467450917326e+07,3.025556456742598210e+06,1.231569792432536604e+06,1.373367239752299309e+10,1.231559765941576334e+06,3.025560538062836044e+06
2.597656250000000000e-01,3.121857604980468398e-08,4.279296874999999889e-01,1.262201034105757065e+07,3.013340619834512938e+06,1.212896306211001007e+06,1.455670105877993202e+10,1.212884826282333583e+06,3.013345240582135972e+06
2.636718750000000000e-01,3.116459655761718638e-08,4.291015624999999778e-01,1.263293676093959250e+07,3.001144937543527223e+06,1.194207303182571195e+06,1.541532165861806870e+10,1.194194178631373681e+06,3.001150159995442722e+06
2.675781250000000000e-01,3.110981140136718537e-08,4.302734375000000222e-01,1.264405532693153992e+07,2.988969068495339248e+06,1.175502018675666302e+06,1.630991502446109200e+10,1.175487036280635279e+06,2.988974960729619488e+06
2.714843750000000000e-01,3.105422058105468755e-08,4.314453124999999556e-01,1.265536746276506968e+07,2.976812672068372834e+06,1.156779682143370388e+06,1.724075263461352539e+10,1.156762604583617998e+06,2.976819308295934461e+06
2.753906250000000000e-01,3.099782409667968631e-08,4.326171875000000000e-01,1.266687462366921268e+07,2.964675408339245711e+06,1.138039516970280791e+06,1.820798496926593399e+10,1.138020080640870379e+06,2.964682869221524335e+06
2.792968750000000000e-01,3.094062194824218165e-08,4.337890624999999889e-01,1.267857829692789540e+07,2.952556938028065488e+06,1.119280740275665885e+06,1.921162936018429184e+10,1.119258652986125788e+06,2.952565310973729007e+06
2.832031250000000000e-01,3.088261413574218681e-08,4.349609374999999778e-01,1.269048000245350972e+07,2.940456922443492804e+06,1.100502562712765532e+06,2.025155735647918701e+10,1.100477501275426475e+06,2.940466301876254380e+06
2.871093750000000000e-01,3.082380065917968193e-08,4.361328125000000222e-01,1.270258129337692633e+07,2.928375023427583743e+06,1.081704188264128519e+06,2.132748162797856522e+10,1.081675795982004842e+06,2.928385511016156524e+06
2.910156250000000000e-01,3.076418151855468686e-08,4.373046875000000111e-01,1.271488375665444508e+07,2.916310903300364967e+06,1.062884814032832393e+06,2.243894243205730820e+10,1.062852698100094916e+06,2.916322608140524011e+06
2.949218750000000000e-01,3.070375671386718836e-08,4.384765625000000000e-01,1.272738901369221695e+07,2.904264224804115482e+06,1.044043630029439577e+06,2.358529367429831696e+10,1.044007358861299814e+06,2.904277263541749679e+06
2.988281250000000000e-01,3.064252624511718645e-08,4.396484374999999889e-01,1.274009872098856792e+07,2.892234651047339663e+06,1.025179818954548915e+06,2.476568859806151581e+10,1.025138919467635104e+06,2.892249147930264007e+06
3.027343750000000000e-01,3.058049011230468774e-08,4.408203124999999778e-01,1.275301457079483941e+07,2.880221845448392443e+06,1.006292555976780597e+06,2.597906514289623260e+10,1.006246510845882236e+06,2.880237932293600403e+06
3.066406250000000000e-01,3.051764831542968560e-08,4.419921875000000222e-01,1.276613829179525375e+07,2.868225471678737551e+06,9.873810085060388083e+05,2.722413101673005295e+10,9.873292534284298308e+05,2.868243287740699481e+06
3.105468750000000000e-01,3.045400085449218666e-08,4.431640625000000111e-01,1.277947164980636910e+07,2.856245193605810869e+06,9.684443359618886607e+05,2.849934853188524246e+10,9.683862569663551403e+05,2.856264885330429301e+06
3.144531250000000000e-01,3.038954772949218430e-08,4.443359375000000000e-01,1.279301644849676825e+07,2.844280675235447008e+06,9.494816895368696423e+05,2.980291926017918015e+10,9.494166203810885781e+05,2.844302395883347839e+06
3.183593750000000000e-01,3.032428894042968514e-08,4.455078124999999889e-01,1.280677453012751788e+07,2.832331580653853249e+06,9.304922119545777095e+05,3.113276856763680267e+10,9.304194316616264405e+05,2.832355489775909577e+06
3.222656250000000000e-01,3.025822448730468255e-08,4.466796874999999778e-01,1.282074777631411888e+07,2.820397573969102465e+06,9.114750372223322047e+05,3.248653009464717484e+10,9.113937678148823325e+05,2.820423836716468446e+06
3.261718750000000000e-01,3.019135437011718316e-08,4.478515625000000222e-01,1.283493810881054774e+07,2.808478319252098911e+06,8.924292903782330686e+05,3.386153025269926834e+10,8.923386948773914482e+05,2.808507105502602179e+06
3.300781250000000000e-01,3.012367858886718697e-08,4.490234375000000111e-01,1.284934749031613395e+07,2.796573480477007572e+06,8.733540872324246448e+05,3.525477281410157013e+10,8.732532679972433252e+05,2.796604963759629522e+06
3.339843750000000000e-01,3.005519714355468736e-08,4.501953125000000000e-01,1.286397792530592345e+07,2.784682721461080015e+06,8.542485341023463989e+05,3.666292367628398895e+10,8.541365315957184648e+05,2.784717077660409734e+06
3.378906250000000000e-01,2.998591003417968432e-08,4.513671874999999889e-01,1.287883146088532917e+07,2.772805705803892110e+06,8.351117275417832425e+05,3.808229588736529541e+10,8.349875196187486872e+05,2.772843111627012026e+06
3.417968750000000000e-01,2.991581726074218448e-08,4.525390624999999778e-01,1.289391018766980059e+07,2.760942096825910732e+06,8.159427540634799516e+05,3.950883502459365082e+10,8.158052558888916392e+05,2.760982728015192319e+06
3.457031250000000000e-01,2.984491882324218123e-08,4.537109375000000222e-01,1.290921624069034681e+07,2.749091557506387588e+06,7.967406898551069899e+05,4.093810502199794769e+10,7.965887545690686675e+05,2.749135586783195846e+06
3.496093750000000000e-01,2.977321472167968778e-08,4.548828125000000111e-01,1.292475180032569170e+07,2.737253750420538243e+06,7.775046004883422283e+05,4.236527454807120514e+10,7.773370207498334348e+05,2.737301345147006679e+06
3.535156250000000000e-01,2.970070495605468761e-08,4.560546875000000000e-01,1.294051909326200001e+07,2.725428337675948162e+06,7.582335406208202476e+05,4.378510403849790955e+10,7.580490511723607779e+05,2.725479657224788330e+06
3.574218750000000000e-01,2.962738952636718401e-08,4.572265624999999889e-01,1.295652039348098822e+07,2.713614980848199222e+06,7.389265536907127826e+05,4.519193349279267883e+10,7.387238350997600937e+05,2.713670173674116377e+06
3.613281250000000000e-01,2.955326843261718692e-08,4.583984374999999778e-01,1.297275802327742614e+07,2.701813340915657580e+06,7.195826716036701109e+05,4.657967114717983246e+10,7.193603553495673696e+05,2.701872541326375678e+06
3.652343750000000000e-01,2.947834167480468310e-08,4.595703125000000222e-01,1.298923435430694558e+07,2.690023078193384223e+06,7.002009144118584227e+05,4.794178313907180023e+10,6.999575895004885970e+05,2.690086402823686134e+06
3.691406250000000000e-01,2.940260925292968579e-08,4.607421875000000111e-01,1.300595180866519921e+07,2.678243852266147267e+06,6.807802899848188972e+05,4.927128428104429626e+10,6.805145112865481060e+05,2.678311396264754236e+06
3.730468750000000000e-01,2.932607116699218836e-08,4.619140625000000000e-01,1.302291285999938659e+07,2.666475321920447517e+06,6.613197936718439450e+05,5.056073006420761871e+10,6.610300921917124651e+05,2.666547154867121484e+06
3.769531250000000000e-01,2.924872741699218420e-08,4.630859374999999889e-01,1.304012003465328366e+07,2.654717145075574517e+06,6.418184079555914504e+05,5.180221001229579163e+10,6.415033032579260180e+05,2.654793306654593442e+06
3.808593750000000000e-01,2.917057800292968655e-08,4.642578124999999778e-01,1.305757591284683533e+07,2.642968978713595308e+06,6.222751020966074429e+05,5.298734250857804108e+10,6.219331171190888854e+05,2.643049474179827143e+06
3.847656250000000000e-01,2.909162292480468548e-08,4.654296875000000222e-01,1.307528312989157066e+07,2.631230478808257729e+06,6.026888317684392678e+05,5.410727121780717468e+10,6.023185102730691433e+05,2.631315274293517694e+06
3.886718750000000000e-01,2.901186218261718761e-08,4.666015625000000111e-01,1.309324437744301185e+07,2.619501300252758432e+06,5.830585386830089847e+05,5.515266322480474091e+10,5.826584656030833721e+05,2.619590317973044701e+06
3.925781250000000000e-01,2.893129577636718631e-08,4.677734375000000000e-01,1.311146240479138680e+07,2.607781096786307637e+06,5.633831502058799379e+05,5.611370900990319824e+10,5.629519751589662628e+05,2.607874210224971175e+06
3.964843750000000000e-01,2.884992370605468490e-08,4.689453124999999889e-01,1.312994002019193769e+07,2.596069520919461269e+06,5.436615789610726060e+05,5.698012437928735352e+10,5.431980432077526348e+05,2.596166550077385735e+06
4.003906250000000000e-01,2.876774597167968669e-08,4.701171874999999778e-01,1.314868009223625250e+07,2.584366223858154844e+06,5.238927224250385771e+05,5.774115446525670624e+10,5.233956895617393311e+05,2.584466930679703597e+06
4.042968750000000000e-01,2.868476257324218506e-08,4.712890625000000222e-01,1.316768555126603507e+07,2.572670855426390655e+06,5.040754625094025396e+05,5.838557990754336548e+10,5.035439531907107448e+05,2.572774939529203344e+06
4.082031250000000000e-01,2.860097351074218662e-08,4.724609375000000111e-01,1.318695939083079807e+07,2.560983063987517264e+06,4.842086651320681558e+05,5.890172532203858185e+10,4.836418961233780719e+05,2.561090158845263068e+06
4.121093750000000000e-01,2.851637878417968807e-08,4.736328125000000000e-01,1.320650466919109784e+07,2.549302496364036575e+06,4.642911797762495116e+05,5.927747015757650757e+10,4.636886076411427930e+05,2.549412166113935411e+06
4.160156250000000000e-01,2.843097839355468279e-08,4.748046874999999889e-01,1.322632451086888276e+07,2.537628797755898442e+06,4.443218390370017150e+05,5.950026203479211426e+10,4.436832087653018534e+05,2.537740534827190917e+06
4.199218750000000000e-01,2.834477233886718402e-08,4.759765624999999778e-01,1.324642210824665986e+07,2.525961611657192931e+06,4.242994581547762500e+05,5.955713265348371124e+10,4.236248570364899351e+05,2.526074835442737676e+06
4.238281250000000000e-01,2.825776062011718513e-08,4.771484375000000222e-01,1.326680072321730666e+07,2.514300579771195538e+06,4.042228345355268684e+05,5.943471634638188934e+10,4.035127515827890020e+05,2.514414636591942515e+06
4.277343750000000000e-01,2.816994323730468613e-08,4.783203124999999556e-01,1.328746368888629600e+07,2.502645341923702043e+06,3.840907472568703233e+05,5.911927134774381256e+10,3.833461384703126387e+05,2.502759506564832758e+06
4.316406250000000000e-01,2.808132019042968702e-08,4.794921875000000000e-01,1.330841441132830270e+07,2.490995535974535625e+06,3.639019565597582841e+05,5.859670383476506805e+10,3.631243163273725077e+05,2.491109015102482866e+06
4.355468750000000000e-01,2.799189147949218449e-08,4.806640624999999889e-01,1.332965637140018679e+07,2.479350797727235593e+06,3.436552033251612447e+05,5.785259478846762848e+10,3.428466422305676970e+05,2.479462735528477933e+06
4.394531250000000000e-01,2.790165710449218516e-08,4.818359374999999778e-01,1.335119312661245838e+07,2.467710760836769827e+06,3.233492085351459100e+05,5.687222970845561981e+10,3.225125378381546470e+05,2.467820247252033558e+06
4.433593750000000000e-01,2.781061706542968571e-08,4.830078125000000222e-01,1.337302831306139566e+07,2.456075056715246290e+06,3.029826727177968714e+05,5.564063120282997131e+10,3.021214957532178378e+05,2.456181138676432893e+06
4.472656250000000000e-01,2.771877136230468615e-08,4.841796875000000111e-01,1.339516564742409624e+07,2.444443314435529523e+06,2.825542753753518336e+05,5.414259446059203339e+10,2.816730860961813014e+05,2.444545010547054932e+06
4.511718750000000000e-01,2.762611999511718648e-08,4.853515625000000000e-01,1.341760892901886441e+07,2.432815160632652231e+06,2.620626743948996882e+05,5.236272559913347626e+10,2.611669632632839784e+05,2.432911479773754254e+06
4.550781250000000000e-01,2.753266296386718339e-08,4.865234374999999889e-01,1.344036204193338193e+07,2.421190219402973540e+06,2.415065054409906734e+05,5.028548286394997406e+10,2.406028728449276532e+05,2.421280183762652799e+06
4.589843750000000000e-01,2.743840026855468680e-08,4.876953124999999778e-01,1.346342895722331852e+07,2.409568112200971227e+06,2.208843813294454594e+05,4.789522064157951355e+10,2.199806586749890412e+05,2.409650785292333923e+06
4.628906250000000000e-01,2.734333190917968348e-08,4.888671875000000222e-01,1.348681373518403247e+07,2.397948457733566407e+06,2.001948913816375716e+05,4.517623623004119873e+10,1.993002699798595859e+05,2.398022977969154250e+06
4.667968750000000000e-01,2.724745788574218667e-08,4.900390625000000111e-01,1.351052052769823372e+07,2.386330871851907577e+06,1.794366007584919571e+05,4.211281929380875397e+10,1.785617685935946938e+05,2.386396492295857985e+06
4.707031250000000000e-01,2.715077819824218644e-08,4.912109375000000000e-01,1.353455358066259883e+07,2.374714967440475710e+06,1.586080497733898228e+05,3.868930391267153931e+10,1.577653362036638136e+05,2.374771102386771701e+06
4.746093750000000000e-01,2.705329284667968279e-08,4.923828124999999889e-01,1.355891723649635911e+07,2.363100354303434957e+06,1.377077531831663509e+05,3.489012311583229828e+10,1.369112815902476432e+05,2.363146633361774962e+06
4.785156250000000000e-01,2.695500183105468564e-08,4.935546874999999778e-01,1.358361593673520349e+07,2.351486639048106503e+06,1.167341994563185435e+05,3.069986577433468246e+10,1.160000478206920088e+05,2.351522969449812546e+06
4.824218750000000000e-01,2.685590515136718507e-08,4.947265625000000222e-01,1.360865422471381351e+07,2.339873424965440761e+06,9.568585001751860545e+04,2.610333570653781891e+10,9.503221936021656438e+04,2.339900062831006479e+06
4.863281250000000000e-01,2.675600280761718770e-08,4.958984375000000111e-01,1.363403674834060483e+07,2.328260311907382682e+06,7.456113846748748620e+04,2.108561283296081543e+10,7.400852905966443359e+04,2.328277943244546186e+06
4.902343750000000000e-01,2.665529479980468690e-08,4.970703125000000000e-01,1.365976826296842098e+07,2.316646896160985343e+06,5.335846977722039446e+04,1.563211619851975060e+10,5.292986498156129528e+04,2.316656728387339041e+06
4.941406250000000000e-01,2.655378112792968269e-08,4.982421874999999889e-01,1.368585363436501473e+07,2.305032770319160074e+06,3.207621945554320700e+04,9.728668662118717194e+09,3.179727702676589979e+04,2.305036635126102250e+06
4.980468750000000000e-01,2.645146179199218498e-08,4.994140624999999778e-01,1.371229784178743325e+07,2.293417523147912230e+06,1.071273268889683823e+04,3.361563035827130795e+09,1.061198332604724237e+04,2.293417991543071344e+06
5.019531250000000000e-01,2.634833679199218385e-08,5.005859375000000222e-01,1.373910598116457649e+07,2.281800739449923392e+06,1.073367654778523138e+04,3.482370561357912064e+09,1.062462363692331201e+04,2.281801249832908623e+06
5.058593750000000000e-01,2.624440612792968592e-08,5.017578124999999556e-01,1.376628326839236915e+07,2.270181999924341217e+06,3.226472641029380247e+04,1.081569638679125404e+10,3.191097120059701410e+04,2.270187000065819826e+06
5.097656250000000000e-01,2.613966979980468787e-08,5.029296875000000000e-01,1.379383504274627194e+07,2.258560881022583228e+06,5.388216813572762476e+04,1.865030406201741409e+10,5.324530102447091485e+04,2.258575984829230234e+06
5.136718750000000000e-01,2.603412780761718309e-08,5.041015625000000444e-01,1.382176677041602321e+07,2.246936954800052103e+06,7.558778702571344911e+04,2.699733914766260910e+10,7.462566393162502209e+04,2.246969114757997915e+06
5.175781250000000000e-01,2.592778015136718482e-08,5.052734374999999778e-01,1.385008404816779308e+07,2.235309788763539866e+06,9.738340346367938037e+04,3.586713360189167786e+10,9.604991510864763404e+04,2.235367484960782342e+06
5.214843750000000000e-01,2.582062683105468313e-08,5.064453125000000222e-01,1.387879260713912174e+07,2.223678945714151487e+06,1.192708739676022378e+05,4.526913643176318359e+10,1.175157096691520419e+05,2.223772392348270863e+06
5.253906250000000000e-01,2.571266784667968795e-08,5.076171874999999556e-01,1.390789831677237526e+07,2.212043983585606795e+06,1.412520922797186067e+05,5.521184485838506317e+10,1.390204985781906580e+05,2.212185353867471684e+06
5.292968750000000000e-01,2.560390319824218603e-08,5.087890625000000000e-01,1.393740718889261223e+07,2.200404455277642235e+06,1.633289904948353069e+05,6.570273632697006226e+10,1.605615249249431654e+05,2.200608125645167194e+06
5.332031250000000000e-01,2.549433288574218400e-08,5.099609375000000444e-01,1.396732538193619438e+07,2.188759908484401647e+06,1.855035402288409241e+05,7.674820170150740051e+10,1.821358205195174378e+05,2.189042723043513950e+06
5.371093750000000000e-01,2.538395690917968517e-08,5.111328124999999778e-01,1.399765920533664152e+07,2.177109885517529212e+06,2.077777538292153622e+05,8.835347999083050537e+10,2.037402027768722910e+05,2.177491441631149501e+06
5.410156250000000000e-01,2.527277526855468292e-08,5.123046875000000222e-01,1.402841512407469004e+07,2.165453923123768065e+06,2.301536856293508026e+05,1.005225949581244659e+11,2.253712718362932792e+05,2.165956879074877594e+06
5.449218750000000000e-01,2.516078796386718717e-08,5.134765624999999556e-01,1.405959976339982264e+07,2.153791552296861541e+06,2.526334332485897176e+05,1.132582939693687439e+11,2.470254078485069331e+05,2.154441957959780470e+06
5.488281250000000000e-01,2.504799499511718800e-08,5.146484375000000000e-01,1.409121991373085417e+07,2.142122298083433881e+06,2.752191389400557382e+05,1.265619894377680664e+11,2.686987683445168659e+05,2.142949949549755082e+06
5.527343750000000000e-01,2.493439636230468541e-08,5.158203125000000444e-01,1.412328253574364819e+07,2.130445679382683709e+06,2.979129909883433720e+05,1.404337032207100525e+11,2.903872855799571844e+05,2.131484498506491538e+06
5.566406250000000000e-01,2.481999206542968602e-08,5.169921874999999778e-01,1.415579476565441675e+07,2.118761208739551716e+06,3.207172251593574765e+05,1.548720143232922974e+11,3.120866637265043100e+05,2.120049648592566140e+06
5.605468750000000000e-01,2.470478210449218321e-08,5.181640625000000222e-01,1.418876392070746608e+07,2.107068392131101340e+06,3.436341262046343763e+05,1.698740102577696533e+11,3.337923757571761380e+05,2.108649869394335430e+06
5.644531250000000000e-01,2.458876647949218690e-08,5.193359374999999556e-01,1.422219750487677939e+07,2.095366728745843749e+06,3.666660294226036058e+05,1.854352424014460449e+11,3.554996598450490274e+05,2.097290084112746175e+06
5.683593750000000000e-01,2.447194519042968717e-08,5.205078125000000000e-01,1.425610321479131468e+07,2.083655710755631560e+06,3.898153222794499598e+05,2.015496856865451965e+11,3.772035150650966680e+05,2.085975698485225206e+06
5.722656250000000000e-01,2.435431823730468402e-08,5.216796875000000444e-01,1.429048894589434937e+07,2.071934823079863796e+06,4.130844460922594299e+05,2.182097029443204346e+11,3.988986961558301118e+05,2.074712630920126569e+06
5.761718750000000000e-01,2.423588562011718737e-08,5.228515624999999778e-01,1.432536279884791374e+07,2.060203543141605100e+06,4.364758977773969527e+05,2.354060142122876892e+11,4.205797070616202545e+05,2.063507343946652953e+06
5.800781250000000000e-01,2.411664733886718400e-08,5.240234375000000222e-01,1.436073308619380370e+07,2.048461340615274152e+06,4.599922316671456792e+05,2.531276712978146057e+11,4.422407929373178631e+05,2.052366877108383691e+06
5.839843750000000000e-01,2.399660339355468713e-08,5.251953124999999556e-01,1.439660833928337507e+07,2.036707677165545756e+06,4.836360613977999892e+05,2.713620378735350952e+11,4.638759302543461090e+05,2.041298881457616109e+06
5.878906250000000000e-01,2.387575378417968684e-08,5.263671875000000000e-01,1.443299731548899412e+07,2.024942006177003961e+06,5.074100618726598914e+05,2.900947753602124634e+11,4.854788146017236286e+05,2.030311655840716325e+06
5.917968750000000000e-01,2.375409851074218313e-08,5.275390625000000444e-01,1.446990900571069308e+07,2.013163772474202095e+06,5.313169713034403976e+05,3.093098348307212524e+11,5.070428457264251192e+05,2.019414185202052817e+06
5.957031250000000000e-01,2.363163757324218592e-08,5.287109374999999778e-01,1.450735264219239354e+07,2.001372412031620974e+06,5.553595933339272160e+05,3.289894551449881592e+11,5.285611093057993567e+05,2.008616181175168138e+06
5.996093750000000000e-01,2.350837097167968530e-08,5.298828125000000222e-01,1.454533770666282624e+07,1.989567351673085010e+06,5.795407992498474196e+05,3.491141674999831543e+11,5.500263548906085780e+05,1.997928125274869613e+06
6.035156250000000000e-01,2.338429870605468786e-08,5.310546874999999556e-01,1.458387393881713971e+07,1.977748008760163561e+06,6.038635302791463910e+05,3.696628065513645020e+11,5.714309694018684095e+05,1.987361315051801503e+06
6.074218750000000000e-01,2.325942077636718701e-08,5.322265625000000000e-01,1.462297134515619464e+07,1.965913790868980810e+06,6.283307999871802749e+05,3.906125282343258667e+11,5.927669455094988225e+05,1.976927913620705483e+06
6.113281250000000000e-01,2.313373718261718605e-08,5.333984375000000444e-01,1.466264020820133761e+07,1.954064095454956172e+06,6.529456967714666389e+05,4.119388343805648804e+11,6.140258441677847877e+05,1.966641003023330355e+06
6.152343750000000000e-01,2.300724792480468497e-08,5.345703124999999778e-01,1.470289109610368870e+07,1.942198309504843783e+06,6.777113864610290620e+05,4.336156041964530029e+11,6.351987505352561129e+05,1.956514641933673993e+06
6.191406250000000000e-01,2.287995300292968378e-08,5.357421875000000222e-01,1.474373487266797200e+07,1.930315809175473638e+06,7.026311150255834218e+05,4.556151326344076538e+11,6.562762224687976995e+05,1.946563928253306309e+06
6.230468750000000000e-01,2.275185241699218579e-08,5.369140624999999556e-01,1.478518270781213231e+07,1.918415959418592975e+06,7.277082114001275040e+05,4.779081756554593506e+11,6.772482307597491890e+05,1.936805067172203213e+06
6.269531250000000000e-01,2.262294616699218769e-08,5.380859375000000000e-01,1.482724608848524094e+07,1.906498113591038622e+06,7.529460904308911413e+05,5.004640023462367554e+11,6.981040902814638102e+05,1.927255445277984487e+06
6.308593750000000000e-01,2.249323425292968285e-08,5.392578125000000444e-01,1.486993683006756566e+07,1.894561613049623324e+06,7.783482559488499537e+05,5.232504538181909180e+11,7.188323812536988407e+05,1.917933711273917696e+06
6.347656250000000000e-01,2.236271667480468453e-08,5.404296874999999778e-01,1.491326708827812411e+07,1.882605786729902029e+06,8.039183039774921490e+05,5.462340087811912842e+11,7.394208599135843106e+05,1.908859863799230428e+06
6.386718750000000000e-01,2.223139343261718609e-08,5.416015625000000222e-01,1.495724937161654234e+07,1.870629950708031422e+06,8.296599260818555485e+05,5.693798556477135010e+11,7.598563580334055005e+05,1.900055346717113629e+06
6.425781250000000000e-01,2.209926452636718753e-08,5.427734374999999556e-01,1.500189655436776951e+07,1.858633407744913595e+06,8.555769128662858857e+05,5.926519709880534668e+11,7.801246709649747936e+05,1.891543152023517760e+06
6.464843750000000000e-01,2.196632995605468887e-08,5.439453125000000000e-01,1.504722189019988663e+07,1.846615446811639704e+06,8.816731576288995566e+05,6.160132041215125732e+11,8.002104342471921118e+05,1.883347930205299519e+06
6.503906250000000000e-01,2.183258972167968347e-08,5.451171875000000444e-01,1.509323902638720907e+07,1.834575342595371883e+06,9.079526601811065339e+05,6.394253675935063477e+11,8.200969893213765463e+05,1.875496107405954506e+06
6.542968750000000000e-01,2.169804382324218458e-08,5.462890624999999778e-01,1.513996201869286969e+07,1.822512354984578909e+06,9.344195308412001468e+05,6.628493332543737793e+11,8.397662395983426832e+05,1.868016008100514999e+06
6.582031250000000000e-01,2.156269226074218558e-08,5.474609375000000222e-01,1.518740534694728069e+07,1.810425728532581823e+06,9.610779946115080966e+05,6.862451336224323730e+11,8.591984990561932791e+05,1.860937981094155693e+06
6.621093750000000000e-01,2.142653503417968647e-08,5.486328124999999556e-01,1.523558393136116862e+07,1.798314691898294725e+06,9.879323955491997767e+05,7.095720681818150635e+11,8.783723367651605513e+05,1.854294525494413218e+06
6.660156250000000000e-01,2.128957214355468724e-08,5.498046875000000000e-01,1.528451314961443096e+07,1.786178457262884127e+06,1.014987201341583277e+06,7.327888142350938721e+11,8.972644222787080798e+05,1.848120411821181187e+06
6.699218750000000000e-01,2.115180358886718459e-08,5.509765625000000444e-01,1.533420885476469249e+07,1.774016219721149188e+06,1.042247008097288664e+06,7.558535419017408447e+11,9.158493787292096531e+05,1.842452791580502875e+06
6.738281250000000000e-01,2.101322937011718514e-08,5.521484374999999778e-01,1.538468739402240887e+07,1.761827156646186719e+06,1.069716545365620172e+06,7.787240328264588623e+11,9.340996527270263759e+05,1.837331286431543995e+06
6.777343750000000000e-01,2.087384948730468558e-08,5.533203125000000222e-01,1.543596562844241597e+07,1.749610427025926765e+06,1.097400681397078559e+06,8.013578021363972168e+11,9.519854127422299935e+05,1.832798045561655425e+06
6.816406250000000000e-01,2.073366394042968590e-08,5.544921874999999556e-01,1.548806095358518325e+07,1.737365170770005323e+06,1.125304428658922669e+06,8.237122231634821777e+11,9.694744904354609316e+05,1.828897757163854549e+06
6.855468750000000000e-01,2.059267272949218612e-08,5.556640625000000000e-01,1.554099132120466046e+07,1.725090507985282922e+06,1.153432949620658299e+06,8.457446544277922363e+11,9.865323821814102121e+05,1.825677597200284712e+06
6.894531250000000000e-01,2.045087585449218622e-08,5.568359375000000444e-01,1.559477526202346757e+07,1.712785538218331989e+06,1.181791562825216679e+06,8.674125683600675049e+11,1.003122330441716127e+06,1.823187096286036773e+06
6.933593750000000000e-01,2.030827331542968621e-08,5.580078124999999778e-01,1.564943190966034494e+07,1.700449339662963990e+06,1.210385749262791825e+06,8.886736812264082031e+11,1.019205506179744843e+06,1.821477904052516911e+06
6.972656250000000000e-01,2.016486511230468608e-08,5.591796875000000222e-01,1.570498102577934042e+07,1.688080968330838252e+06,1.239221159065401647e+06,9.094860837059615479e+11,1.034741313490136992e+06,1.820603430424342630e+06
7.011718750000000000e-01,2.002065124511718915e-08,5.603515624999999556e-01,1.576144302653506957e+07,1.675679457183058606e+06,1.268303618541493081e+06,9.298083715631005859e+11,1.049687835241570603e+06,1.820618345666279783e+06
7.050781250000000000e-01,1.987563171386718880e-08,5.615234375000000000e-01,1.581883901039360836e+07,1.663243815220421879e+06,1.297639137571350671e+06,9.495997758493339844e+11,1.064002432986890199e+06,1.821577926640494028e+06
7.089843750000000000e-01,1.972980651855468504e-08,5.626953125000000444e-01,1.587719078741434403e+07,1.650773026529993163e+06,1.327233917385418667e+06,9.688202920670134277e+11,1.077642505039842799e+06,1.823537246098551899e+06
7.128906250000000000e-01,1.958317565917968777e-08,5.638671874999999778e-01,1.593652091008421406e+07,1.638266049285350833e+06,1.357094358749358216e+06,9.874308077268769531e+11,1.090566393255620962e+06,1.826550215212215204e+06
7.167968750000000000e-01,1.943573913574218378e-08,5.650390625000000222e-01,1.599685270580245554e+07,1.625721814697761787e+06,1.387227070581307169e+06,1.005393227734604858e+12,1.102734412236721488e+06,1.830668506367745111e+06
7.207031250000000000e-01,1.928749694824218629e-08,5.662109374999999556e-01,1.605821031112116575e+07,1.613139225915362593e+06,1.417638879028664436e+06,1.022670597047877197e+12,1.114109955972259166e+06,1.835940401953166584e+06
7.246093750000000000e-01,1.913844909667968869e-08,5.673828125000000000e-01,1.612061870785492472e+07,1.600517156867106678e+06,1.448336837033840828e+06,1.039227220054893677e+12,1.124660618928274140e+06,1.842409632836039178e+06
7.285156250000000000e-01,1.898859558105468436e-08,5.685546875000000444e-01,1.618410376118107140e+07,1.587854451048168121e+06,1.479328234420458088e+06,1.055028776137893066e+12,1.134359254759366391e+06,1.850114284039989812e+06
7.324218750000000000e-01,1.883793640136718653e-08,5.697265624999999778e-01,1.624869225986152887e+07,1.575149920243088156e+06,1.510620608534001047e+06,1.070042430900837158e+12,1.143184889675209997e+06,1.859085851214978611e+06
7.363281250000000000e-01,1.868647155761718528e-08,5.708984375000000222e-01,1.631441195872722194e+07,1.562402343182794983e+06,1.542221755473433295e+06,1.084236942559053711e+12,1.151123411824410316e+06,1.869348527104663663e+06
7.402343750000000000e-01,1.853420104980468723e-08,5.720703124999999556e-01,1.638129162357673980e+07,1.549610464131315937e+06,1.574139741953076329e+06,1.097582763010066650e+12,1.158167973807744216e+06,1.880918781390476273e+06
7.441406250000000000e-01,1.838112487792968907e-08,5.732421875000000000e-01,1.644936107865315117e+07,1.536772991397609003e+06,1.606382917837221874e+06,1.110052133129089600e+12,1.164319071124159265e+06,1.893805271516836248e+06
7.480468750000000000e-01,1.822724304199218418e-08,5.744140625000000444e-01,1.651865125687548332e+07,1.523888595767744118e+06,1.638959929393115453e+06,1.121619171859449219e+12,1.169584291132514132e+06,1.908009090230790200e+06
7.519531250000000000e-01,1.807255554199218579e-08,5.755859374999999778e-01,1.658919425301569514e+07,1.510955908852146706e+06,1.671879733311737422e+06,1.132259958697474609e+12,1.173977759596317308e+06,1.923524322988132713e+06
7.558593750000000000e-01,1.791706237792968399e-08,5.767578125000000222e-01,1.666102338002736494e+07,1.497973521342303138e+06,1.705151611549675930e+06,1.141952609202895264e+12,1.177519339538621018e+06,1.940338860618331935e+06
7.597656250000000000e-01,1.776076354980468868e-08,5.779296874999999556e-01,1.673417322874899209e+07,1.484939981170891086e+06,1.738785187049699016e+06,1.150677343199359619e+12,1.180233655723358272e+06,1.958435393951289123e+06
7.636718750000000000e-01,1.760365905761718665e-08,5.791015625000000000e-01,1.680867973122341186e+07,1.471853791568716755e+06,1.772790440402469132e+06,1.158416545365131836e+12,1.182149025591286831e+06,1.977792509499204112e+06
7.675781250000000000e-01,1.744574890136718451e-08,5.802734375000000444e-01,1.688458022789480537e+07,1.458713409011483891e+06,1.807177727516866755e+06,1.165154817951107422e+12,1.183296374344656011e+06,1.998385808327742154e+06
7.714843750000000000e-01,1.728703308105468556e-08,5.814453124999999778e-01,1.696191353896695003e+07,1.445517241048681783e+06,1.841957798372191610e+06,1.170879025401730469e+12,1.183708200446593575e+06,2.020188981592715019e+06
7.753906250000000000e-01,1.712751159667968650e-08,5.826171875000000222e-01,1.704072004023057222e+07,1.432263644006357761e+06,1.877141816931649577e+06,1.175578330694067627e+12,1.183417641424962319e+06,2.043174792517763097e+06
7.792968750000000000e-01,1.696718444824218733e-08,5.837890624999999556e-01,1.712104174369408190e+07,1.418950920554855373e+06,1.912741382303322200e+06,1.179244223250806885e+12,1.182457671930729179e+06,2.067315932462006342e+06
7.832031250000000000e-01,1.680605163574218804e-08,5.849609375000000000e-01,1.720292238338135555e+07,1.405577317131744698e+06,1.948768551242419053e+06,1.181870538324156250e+12,1.180860449224696262e+06,2.092585735448752996e+06
7.871093750000000000e-01,1.664411315917968534e-08,5.861328125000000444e-01,1.728640750669226050e+07,1.392141021209525643e+06,1.985235862096690340e+06,1.183453467789227539e+12,1.178656807397791184e+06,2.118958749354016036e+06
7.910156250000000000e-01,1.648136901855468583e-08,5.873046874999999778e-01,1.737154457175697014e+07,1.378640158396599116e+06,2.022156360306084156e+06,1.183991562327176758e+12,1.175875891432319069e+06,2.146411172123924363e+06
7.949218750000000000e-01,1.631781921386718621e-08,5.884765625000000222e-01,1.745838305125419050e+07,1.365072789359131828e+06,2.059543625577643281e+06,1.183485725019985352e+12,1.172544915677693672e+06,2.174921167910371907e+06
7.988281250000000000e-01,1.615346374511718317e-08,5.896484374999999556e-01,1.754697454320636019e+07,1.351436906550334534e+06,2.097411800867634360e+06,1.181939196419959961e+12,1.168689027949122712e+06,2.204469081379116513e+06
8.027343750000000000e-01,1.598830261230468332e-08,5.908203125000000000e-01,1.763737288931258395e+07,1.337730430732367095e+06,2.135775623315195553e+06,1.179357531197534424e+12,1.164331259542574175e+06,2.235037569372564089e+06
8.066406250000000000e-01,1.582233581542968336e-08,5.919921875000000444e-01,1.772963430143261328e+07,1.323951207274947781e+06,2.174650457285095006e+06,1.175748566510676270e+12,1.159492542245969409e+06,2.266611668347942643e+06
8.105468750000000000e-01,1.565556335449218660e-08,5.931640624999999778e-01,1.782381749689343199e+07,1.310097002213066444e+06,2.214052329692230560e+06,1.171122382277561523e+12,1.154191775254138745e+06,2.299178814220189583e+06
8.144531250000000000e-01,1.548798522949218642e-08,5.943359375000000222e-01,1.791998384335484728e+07,1.296165498044740874e+06,2.253997967796977609e+06,1.165491253571402832e+12,1.148445927243920742e+06,2.332728828936473001e+06
8.183593750000000000e-01,1.531960144042968282e-08,5.955078124999999556e-01,1.801819751404201239e+07,1.282154289247912122e+06,2.294504839678786229e+06,1.158869595391703125e+12,1.142270161363109946e+06,2.367253885667037219e+06
8.222656250000000000e-01,1.515041198730468572e-08,5.966796875000000000e-01,1.811852565423297882e+07,1.268060877493518870e+06,2.335591197615969926e+06,1.151273900099885986e+12,1.135677973291125614e+06,2.402748462155827787e+06
8.261718750000000000e-01,1.498041687011718520e-08,5.978515625000000444e-01,1.822103855997795239e+07,1.253882666529731825e+06,2.377276124622124247e+06,1.142722667838866211e+12,1.128681334701578366e+06,2.439209289671216626e+06
8.300781250000000000e-01,1.480961608886718622e-08,5.990234374999999778e-01,1.832580987012629211e+07,1.239616956709715771e+06,2.419579584415111691e+06,1.133236330285481445e+12,1.121290836332653649e+06,2.476635303196067922e+06
8.339843750000000000e-01,1.463800964355468548e-08,6.001953125000000222e-01,1.843291677284782752e+07,1.225260939132657135e+06,2.462522475122639909e+06,1.122837168111676514e+12,1.113515826435805997e+06,2.515027597010688391e+06
8.378906250000000000e-01,1.446559753417968462e-08,6.013671874999999556e-01,1.854244022795891017e+07,1.210811689364765538e+06,2.506126687060070224e+06,1.111549222554789795e+12,1.105364541641481454e+06,2.554389388636501506e+06
8.417968750000000000e-01,1.429237976074218366e-08,6.025390625000000000e-01,1.865446520650210604e+07,1.196266160703422967e+06,2.550415164951459970e+06,1.099398201518884277e+12,1.096844228283404605e+06,2.594725993190778885e+06
8.457031250000000000e-01,1.411835632324218423e-08,6.037109375000000444e-01,1.876908094918402284e+07,1.181621176944071427e+06,2.595411975004354492e+06,1.086411380648071411e+12,1.087961252998259850e+06,2.636044809515413363e+06
8.496093750000000000e-01,1.394352722167968635e-08,6.048828125000000888e-01,1.888638124545017257e+07,1.166873424604960252e+06,2.641142377293424681e+06,1.072617499828544556e+12,1.078721202002987266e+06,2.678355318947376218e+06
8.535156250000000000e-01,1.376789245605468504e-08,6.060546875000000222e-01,1.900646473517240211e+07,1.152019444560253294e+06,2.687632903957973234e+06,1.058046655589001099e+12,1.069128968883598456e+06,2.721669097259322647e+06
8.574218750000000000e-01,1.359145202636718362e-08,6.072265624999999556e-01,1.912943523514569178e+07,1.137055623026564484e+06,2.734911443774734624e+06,1.042730189878819824e+12,1.059188831038274569e+06,2.765999840084974654e+06
8.613281250000000000e-01,1.341420593261718375e-08,6.083984375000000000e-01,1.925540209284114838e+07,1.121978181841981132e+06,2.783007333730947226e+06,1.026700575709909790e+12,1.048904515130387852e+06,2.811363402029122226e+06
8.652343750000000000e-01,1.323615417480468542e-08,6.095703125000000444e-01,1.938448057014469430e+07,1.106783167969849193e+06,2.831951458294577431e+06,1.009991300151471069e+12,1.038279252045845962e+06,2.857777849625348113e+06
8.691406250000000000e-01,1.305729675292968697e-08,6.107421875000000888e-01,1.951679226013108343e+07,1.091466442151860334e+06,2.881776357159982901e+06,9.926367451668477783e+11,1.027315821931410232e+06,2.905263528329106979e+06
8.730468750000000000e-01,1.287763366699218511e-08,6.119140625000000222e-01,1.965246554028654844e+07,1.076023666626365157e+06,2.932516342339633964e+06,9.746720667784152832e+11,1.016016589930607704e+06,2.953843143806869630e+06
8.769531250000000000e-01,1.269716491699218478e-08,6.130859374999999556e-01,1.979163606600663811e+07,1.060450291817934718e+06,2.984207625577562023e+06,9.561330730397440186e+11,1.004383533242212841e+06,3.003541857894426212e+06
8.808593750000000000e-01,1.251589050292968435e-08,6.142578125000000000e-01,1.993444730866695940e+07,1.044741541893027490e+06,3.036888457179732155e+06,9.370561012842850342e+11,9.924182601116205333e+05,3.054387399742465466e+06
8.847656250000000000e-01,1.233381042480468545e-08,6.154296875000000444e-01,2.008105114310235158e+07,1.028892399063902092e+06,3.090599277493097354e+06,9.174778951064547119e+11,9.801220213340327609e+05,3.106410192841315176e+06
8.886718750000000000e-01,1.215092468261718645e-08,6.166015625000000888e-01,2.023160848994550854e+07,1.012897586508337758e+06,3.145382882421217859e+06,8.974354815141850586e+11,9.674957148048779927e+05,3.159643498817077372e+06
8.925781250000000000e-01,1.196723327636718568e-08,6.177734375000000222e-01,2.038629001898176223e+07,9.967515497562034288e+05,3.201284604543230496e+06,8.769660486718453369e+11,9.545398836008716607e+05,3.214123579117973801e+06
8.964843750000000000e-01,1.178273620605468479e-08,6.189453124999999556e-01,2.054527692048787326e+07,9.804484363748453325e+05,3.258352511608622503e+06,8.561068246287742920e+11,9.412547080168147804e+05,3.269889875964063220e+06
9.003906250000000000e-01,1.159743347167968379e-08,6.201171875000000000e-01,2.070876175245713070e+07,9.639820737634667894e+05,3.316637624416962266e+06,8.348949574015013428e+11,9.276399919203016907e+05,3.326985214218062814e+06
9.042968750000000000e-01,1.141132507324218599e-08,6.212890625000000444e-01,2.087694937269168347e+07,9.473459448415421648e+05,3.376194156364984345e+06,8.133673967469575195e+11,9.136951437199040083e+05,3.385456026154149789e+06
9.082031250000000000e-01,1.122441101074218643e-08,6.224609375000000888e-01,2.105005796599246934e+07,9.305331613872954622e+05,3.437079777259710710e+06,7.915607779294658203e+11,8.994191521724525373e+05,3.445352601461058483e+06
9.121093750000000000e-01,1.103669128417968509e-08,6.236328125000000222e-01,2.122832017812605947e+07,9.135364347487830091e+05,3.499355904362968169e+06,7.695113077458741455e+11,8.848105571819030447e+05,3.506729365222376771e+06
9.160156250000000000e-01,1.084816589355468530e-08,6.248046874999999556e-01,2.141198436993492767e+07,8.963480436112091411e+05,3.563088024059482850e+06,7.472546530306209717e+11,8.698674156653374666e+05,3.569645187080287375e+06
9.199218750000000000e-01,1.065883483886718374e-08,6.259765625000000000e-01,2.160131600692544505e+07,8.789597984588803956e+05,3.628346048038258217e+06,7.248258318153839111e+11,8.545872624804332154e+05,3.634163725319474470e+06
9.238281250000000000e-01,1.046869812011718538e-08,6.271484375000000444e-01,2.179659920197134092e+07,8.613630023174863309e+05,3.695204708459205460e+06,7.022591072659741211e+11,8.389670663219547132e+05,3.700353810219721403e+06
9.277343750000000000e-01,1.027775573730468691e-08,6.283203125000000888e-01,2.199813843147328123e+07,8.435484073006336112e+05,3.763743997259884141e+06,6.795878844614525146e+11,8.230031804011857603e+05,3.768289871734760702e+06
9.316406250000000000e-01,1.008600769042968501e-08,6.294921875000000222e-01,2.220626044849793985e+07,8.255061664122593356e+05,3.834049655560973100e+06,6.568446100166298828e+11,8.066912876201090403e+05,3.838052417381723411e+06
9.355468750000000000e-01,9.893453979492184661e-09,6.306640624999999556e-01,2.242131642017829791e+07,8.072257799712639535e+05,3.906213720077936538e+06,6.340606744777963867e+11,7.900263398389734793e+05,3.909728567194398027e+06
9.394531250000000000e-01,9.700094604492184196e-09,6.318359375000000000e-01,2.264368432111143321e+07,7.886960359241286060e+05,3.980335134570369031e+06,6.112663173417573242e+11,7.730024907094691880e+05,3.983412653734823689e+06
9.433593750000000000e-01,9.505929565429685274e-09,6.330078125000000444e-01,2.287377161978620291e+07,7.699049431920215720e+05,4.056520435696460772e+06,5.884905344581424561e+11,7.556130214023628505e+05,4.059206896508443169e+06
9.472656250000000000e-01,9.310958862304686239e-09,6.341796875000000888e-01,2.311201830139458925e+07,7.508396570570226759e+05,4.134884524233878125e+06,5.657609874724681396e+11,7.378502583941807970e+05,4.137222161734364927e+06
9.511718750000000000e-01,9.115182495117185437e-09,6.353515625000000222e-01,2.335890027795250341e+07,7.314863954228601651e+05,4.215551534536741674e+06,5.431039148499220581e+11,7.197054822875778191e+05,4.217578820341004059e+06
9.550781250000000000e-01,8.918600463867184524e-09,6.365234374999999556e-01,2.361493324576263875e+07,7.118303445825597737e+05,4.298655817392729223e+06,5.205440438836315308e+11,7.011688264177333331e+05,4.300407719360207208e+06
9.589843750000000000e-01,8.721212768554685152e-09,6.376953125000000000e-01,2.388067706124925613e+07,6.918555528812446864e+05,4.384343054213730618e+06,4.981045029319698486e+11,6.822291637351425597e+05,4.385851284669151530e+06
9.628906250000000000e-01,8.523019409179685668e-09,6.388671875000000444e-01,2.415674071953218058e+07,6.715448103672021534e+05,4.472771523850881495e+06,4.758067329413381348e+11,6.628739801435382105e+05,4.474064776391946711e+06
9.667968750000000000e-01,8.324020385742187726e-09,6.400390625000000888e-01,2.444378803635572270e+07,6.508795121659802971e+05,4.564113547413297929e+06,4.536703970863466187e+11,6.430892320980570512e+05,4.565217722365336493e+06
9.707031250000000000e-01,8.124215698242184709e-09,6.412109375000000222e-01,2.474254415387641266e+07,6.298395028753681108e+05,4.658557141472044401e+06,4.317132870888095703e+11,6.228591858177926624e+05,4.659495560077814385e+06
9.746093750000000000e-01,7.923605346679684889e-09,6.423828124999999556e-01,2.505380301527703553e+07,6.084028987433823058e+05,4.756307916181498207e+06,4.099512244475654907e+11,6.021662349182581529e+05,4.757101523643836379e+06
9.785156250000000000e-01,7.722189331054684956e-09,6.435546875000000000e-01,2.537843598342333362e+07,5.865458837314636912e+05,4.857591262452121824e+06,3.883979544063882446e+11,5.809906925973966718e+05,4.858258819977453910e+06
9.824218750000000000e-01,7.519967651367184911e-09,6.447265625000000444e-01,2.571740181638533622e+07,5.642424747475157492e+05,4.962654881755609997e+06,3.670650299850571289e+11,5.593105536806232994e+05,4.963213147776695900e+06
9.863281250000000000e-01,7.316940307617187236e-09,6.458984375000000888e-01,2.607175825966775045e+07,5.414642503147120588e+05,5.071771723950995132e+06,3.459616827698234863e+11,5.371012208016375080e+05,5.072235624736997299e+06
9.902343750000000000e-01,7.113107299804685312e-09,6.470703125000000222e-01,2.644267557414734364e+07,5.181800356652555638e+05,5.185243413367955945e+06,3.250946763651459351e+11,5.143351877104202867e+05,5.185626203258455731e+06
9.941406250000000000e-01,6.908468627929684930e-09,6.482421874999999556e-01,2.683145239360745624e+07,4.943555356374302646e+05,5.303404262173972093e+06,3.044681373957781982e+11,4.909816710811182857e+05,5.303717673700478859e+06
9.980468750000000000e-01,6.703024291992184436e-09,6.494140625000000000e-01,2.723953440122225881e+07,4.699529047085870989e+05,5.426625993993496522e+06,2.840833576458310547e+11,4.670061801399048418e+05,5.426880378176865168e+06
